<?xml version="1.0" encoding="UTF-8"?>
<preferences>
 <debug showDebugMenu="0" />
 <systemtable filter="All Interfaces">
  <columns>
   <connections preferredWidth="143" />
   <irq preferredWidth="34" />
  </columns>
 </systemtable>
 <library
   expandedCategories="Library/Basic Functions/Simulation; Debug and Verification,Library,Project,Library/Basic Functions,Library/Basic Functions/Simulation; Debug and Verification/Debug and Performance" />
 <window width="1466" height="1086" x="0" y="0" />
 <generation synthesis="VHDL" />
</preferences>
